Product Name,Product Prices,Product Description,Product Ratings
"Apple iPhone 13 (Starlight, 128 GB)","₹44,999",128 GB ROM15.49 cm (6.1 inch) Super Retina XDR Display12MP + 12MP | 12MP Front CameraA15 Bionic Chip Processor1 year warranty for phone and 1 year warranty for in Box Accessories.,4.6
"SAMSUNG Galaxy S24 FE 5G (Graphite, 256 GB)","₹47,999",8 GB RAM | 256 GB ROM17.02 cm (6.7 inch) Full HD+ Display50MP + 12MP | 10MP Front Camera4700 mAh BatteryExynos 2400e Processor1 Year Manufacturer Warranty for Device and 6 Months for In-Box Accessories,4.5
"Apple iPhone 13 (Blue, 128 GB)","₹44,999",128 GB ROM15.49 cm (6.1 inch) Super Retina XDR Display12MP + 12MP | 12MP Front CameraA15 Bionic Chip Processor1 year warranty for phone and 1 year warranty for in Box Accessories.,4.6
"SAMSUNG Galaxy S24 FE 5G (Graphite, 128 GB)","₹41,999",8 GB RAM | 128 GB ROM17.02 cm (6.7 inch) Full HD+ Display50MP + 12MP | 10MP Front Camera4700 mAh BatteryExynos 2400e Processor1 Year Manufacturer Warranty for Device and 6 Months for In-Box Accessories,4.5
"OnePlus 13R 5G (Nebula Noir, 512 GB)","₹46,498",16 GB RAM | 512 GB ROM17.22 cm (6.78 inch) Display50MP Rear Camera6000 mAh Battery1 year manufacturer warranty for device and 1 year manufacturer warranty for in-box accessories including batteries from the date of purchase,4.6
"SAMSUNG Galaxy S24 FE 5G (Graphite, 128 GB)","₹39,599",8 GB RAM | 128 GB ROM17.02 cm (6.7 inch) Full HD+ Display50MP + 12MP | 10MP Front Camera4700 mAh BatteryExynos 2400e Processor1 Year Manufacturer Warranty for Device and 6 Months for In-Box Accessories,4.5
"OnePlus 13R 5G (Nebula Noir, 256 GB)","₹40,353",12 GB RAM | 256 GB ROM17.22 cm (6.78 inch) Display50MP Rear Camera6000 mAh Battery1 year manufacturer warranty for device and 1 year manufacturer warranty for in-box accessories including batteries from the date of purchase,4.5
"Motorola Edge 50 Ultra 5G (Nordic Wood, 512 GB)","₹49,999",12 GB RAM | 512 GB ROM17.02 cm (6.7 inch) Display50MP + 50MP + 64MP | 50MP Front Camera4500 mAh Battery8s Gen 3 Mobile Platform Processor1 Year on Handset and 6 Months on Accessories,4.4
"Apple iPhone 13 (Midnight, 128 GB)","₹44,999",128 GB ROM15.49 cm (6.1 inch) Super Retina XDR Display12MP + 12MP | 12MP Front CameraA15 Bionic Chip Processor1 year warranty for phone and 1 year warranty for in Box Accessories.,4.6
"OnePlus 13R 5G (Astral Trail, 512 GB)","₹44,698",16 GB RAM | 512 GB ROM17.22 cm (6.78 inch) Display50MP Rear Camera6000 mAh Battery1 year manufacturer warranty for device and 1 year manufacturer warranty for in-box accessories including batteries from the date of purchase,4.6
"OnePlus 13R 5g (Astral Trail, 256 GB)","₹40,700",12 GB RAM | 256 GB ROM17.22 cm (6.78 inch) Display50MP Rear Camera6000 mAh Battery1 year manufacturer warranty for device and 1 year manufacturer warranty for in-box accessories including batteries from the date of purchase,4.5
"vivo V50 5G (Rose Red, 512 GB)","₹40,999",12 GB RAM | 512 GB ROM17.2 cm (6.77 inch) Display50MP + 50MP | 50MP Front Camera6000 mAh Battery7 Gen 3 Processor1 Year Manufacturer Warranty for Device and 6 Months Warranty for Inbox Accessories,4.5
"SAMSUNG Galaxy S24 FE 5G (Mint, 128 GB)","₹41,999",8 GB RAM | 128 GB ROM17.02 cm (6.7 inch) Full HD+ Display50MP + 12MP | 10MP Front Camera4700 mAh BatteryExynos 2400e Processor1 Year Manufacturer Warranty for Device and 6 Months for In-Box Accessories,4.5
"vivo V50 5G (Titanium Grey, 512 GB)","₹40,999",12 GB RAM | 512 GB ROM17.2 cm (6.77 inch) Display50MP + 50MP | 50MP Front Camera6000 mAh Battery7 Gen 3 Processor1 Year Manufacturer Warranty for Device and 6 Months Warranty for Inbox Accessories,4.5
"SAMSUNG S24 FE 5G (Blue, 128 GB)","₹41,999",8 GB RAM | 128 GB ROM17.02 cm (6.7 inch) Full HD+ Display50MP + 12MP | 10MP Front Camera4700 mAh BatteryExynos 2400e Processor1 Year Manufacturer Warranty for Device and 6 Months for In-Box Accessories,4.5
"SAMSUNG Galaxy S24 FE 5G (Blue, 256 GB)","₹47,999",8 GB RAM | 256 GB ROM17.02 cm (6.7 inch) Full HD+ Display50MP + 12MP | 10MP Front Camera4700 mAh BatteryExynos 2400e Processor1 Year Manufacturer Warranty for Device and 6 Months for In-Box Accessories,4.5
"SAMSUNG Galaxy A56 5G (Awesome Graphite, 256 GB)","₹44,999",12 GB RAM | 256 GB ROM17.02 cm (6.7 inch) Full HD+ Display50MP + 12MP + 5MP | 12MP Front Camera5000 mAh BatteryExynos 1580 Processor1 Year Manufacturer Warranty for Device and 6 Months for In-Box Accessories,4.5
"Motorola Edge 50 Ultra 5G (Peach Fuzz, 512 GB)","₹49,999",12 GB RAM | 512 GB ROM17.02 cm (6.7 inch) Display50MP + 50MP + 64MP | 50MP Front Camera4500 mAh Battery8s Gen 3 Mobile Platform Processor1 Year on Handset and 6 Months on Accessories,4.4
"Xiaomi 14 CIVI (Panda White, 512 GB)","₹44,999",12 GB RAM | 512 GB ROM16.64 cm (6.55 inch) Display50MP Rear Camera | 32MP + 32MP Dual Front Camera4700 mAh Battery8s Gen 3 Mobile Platform Processor1 Year Manufacturer Warranty for Phone and 6 Months Warranty for In the Box Accessories,4.3
"IQOO 12 5G (Legend, 512 GB)","₹49,995",16 GB RAM | 512 GB ROM17.22 cm (6.78 inch) Display50MP Rear Camera5000 mAh Battery1 Year Brand Warranty,4.5
"Motorola Edge 50 Ultra 5G (Forest Grey, 512 GB)","₹49,999",12 GB RAM | 512 GB ROM17.02 cm (6.7 inch) Display50MP + 50MP + 64MP | 50MP Front Camera4500 mAh Battery8s Gen 3 Mobile Platform Processor1 Year on Handset and 6 Months on Accessories,4.4
"Xiaomi 14 CIVI (Shadow Black, 512 GB)","₹43,999",12 GB RAM | 512 GB ROM16.64 cm (6.55 inch) Display50MP Rear Camera | 32MP + 32MP Dual Front Camera4700 mAh Battery8s Gen 3 Mobile Platform Processor1 Year Manufacturer Warranty for Phone and 6 Months Warranty for In the Box Accessories,4.3
"SAMSUNG Galaxy A56 5G (Awesome Olive, 256 GB)","₹41,999",8 GB RAM | 256 GB ROM17.02 cm (6.7 inch) Full HD+ Display50MP + 12MP + 5MP | 12MP Front Camera5000 mAh BatterySamsung Exynos 1580 Processor1 Year Manufacturer Warranty for Device and 6 Months for In-Box Accessories,4.5
"SAMSUNG Galaxy A56 5G (Awesome Light Gray, 256 GB)","₹45,410",12 GB RAM | 256 GB ROM17.02 cm (6.7 inch) Full HD+ Display50MP + 12MP + 5MP | 12MP Front Camera5000 mAh BatterySamsung Exynos 1580 Processor1 Year Manufacturer Warranty for Device and 6 Months for In-Box Accessories,4.5
"Apple iPhone 12 (Blue, 128 GB)","₹49,900","128 GB ROM15.49 cm (6.1 inch) Super Retina XDR Display12MP + 12MP | 12MP Front CameraA14 Bionic Chip with Next Generation Neural Engine ProcessorCeramic ShieldIndustry-leading IP68 Water ResistanceAll Screen OLED Display12MP TrueDepth Front Camera with Night Mode, 4K Dolby Vision HDR Recording1 year warranty for phone and 1 year warranty for in Box Accessories.",4.6
"SAMSUNG Galaxy S23 5G (Green, 256 GB)","₹49,999",8 GB RAM | 256 GB ROM15.49 cm (6.1 inch) Full HD+ Display50MP + 10MP + 12MP | 12MP Front Camera3900 mAh Lithium Ion BatteryQualcomm Snapdragon 8 Gen 2 Processor1 Year Manufacturer Warranty for Device and 6 Months Manufacturer Warranty for In-Box Accessories,4.6
"OPPO Reno13 5G (Sky Blue, 512 GB)","₹43,999",12 GB RAM | 512 GB ROM16.74 cm (6.59 inch) Display50MP + 8MP + 2MP | 50MP Front Camera5600 mAh BatteryDimensity 8350 Processor1 Year Warranty on Handset and 6 Months Warranty on Accessories,4.4
"vivo V50 5G (Starry Night, 512 GB)","₹40,999",12 GB RAM | 512 GB ROM17.2 cm (6.77 inch) Display50MP + 50MP | 50MP Front Camera6000 mAh Battery7 Gen 3 Processor1 Year Manufacturer Warranty for Device and 6 Months Warranty for Inbox Accessories,4.5
"SAMSUNG S24 FE 5G (Mint, 256 GB)","₹47,999",8 GB RAM | 256 GB ROM17.02 cm (6.7 inch) Full HD+ Display50MP + 12MP | 10MP Front Camera4700 mAh BatteryExynos 2400e Processor1 Year Manufacturer Warranty for Device and 6 Months for In-Box Accessories,4.5
"SAMSUNG Galaxy A55 5G (Awesome Iceblue, 256 GB)","₹36,999",8 GB RAM | 256 GB ROM | Expandable Upto 1 TB16.76 cm (6.6 inch) Full HD+ Display50MP + 12MP + 5MP | 32MP Front Camera5000 mAh BatterySamsung Exynos 1480 Processor1 Year Manufacturer Warranty for Device and 6 Months for In-Box Accessories,4.4
"Google Pixel 8a (Obsidian, 256 GB)","₹44,999",8 GB RAM | 256 GB ROM15.49 cm (6.1 inch) Full HD+ Display64MP + 13MP | 13MP Front Camera4404 mAh BatteryTensor G3 Processor1 Year Domestic Warranty,4.3
"SAMSUNG Galaxy S24 FE 5G (Blue, 128 GB)","₹40,490",8 GB RAM | 128 GB ROM17.02 cm (6.7 inch) Full HD+ Display50MP + 12MP | 10MP Front Camera4700 mAh BatteryExynos 2400e Processor1 Year Manufacturer Warranty for Device and 6 Months for In-Box Accessories,4.5
"Honor 200 Pro 5G (Ocean Cyan, 512 GB)","₹41,999",12 GB RAM | 512 GB ROM17.22 cm (6.78 inch) Full HD+ Super AMOLED Display50MP + 50MP + 12MP | 50MP Front Camera5200 mAh BatterySnapdragon 8s Gen 3 Processor1 year manufacturer's warranty for handset & 6 months for accessories,4.1
"Honor 200 Pro 5G (Black, 512 GB)","₹41,999",12 GB RAM | 512 GB ROM17.22 cm (6.78 inch) Full HD+ Super AMOLED Display50MP + 50MP + 12MP | 50MP Front Camera5200 mAh BatterySnapdragon 8s Gen 3 Processor1 year manufacturer's warranty for handset & 6 months for accessories,4.1
"vivo V40 5G (Lotus Purple, 512 GB)","₹42,999",12 GB RAM | 512 GB ROM17.22 cm (6.78 inch) Full HD+ Display50MP + 50MP | 50MP Front Camera5500 mAh BatterySnapdragon 7 Gen 3 Processor1 Year Warranty on Handset and 6 Months Warranty on Accessories,4.6
"SAMSUNG Galaxy S24 FE 5G (Graphite, 256 GB)","₹46,890",8 GB RAM | 256 GB ROM17.02 cm (6.7 inch) Full HD+ Display50MP + 12MP | 10MP Front Camera4700 mAh BatteryExynos 2400e Processor1 Year Manufacturer Warranty for Device and 6 Months for In-Box Accessories,4.5
"vivo V40 Pro 5G (Ganges Blue, 256 GB)","₹49,999",8 GB RAM | 256 GB ROM17.22 cm (6.78 inch) Full HD+ Display50MP + 50MP + 50MP | 50MP Front Camera5500 mAh BatteryDimensity 9200+ Processor1 Year Warranty on Handset and 6 Months Warranty on Accessories,4.4
"SAMSUNG Galaxy S24 FE 5G (Blue, 256 GB)","₹45,862",8 GB RAM | 256 GB ROM17.02 cm (6.7 inch) Full HD+ Display50MP + 12MP | 10MP Front Camera4700 mAh BatteryExynos 2400e Processor1 Year Manufacturer Warranty for Device and 6 Months for In-Box Accessories,4.5
"Xiaomi 11T Pro 5G Hyperphone (Moonlight White, 256 GB)","₹43,999",8 GB RAM | 256 GB ROM16.94 cm (6.67 inch) Display108MP Rear Camera5000 mAh Battery12 months,4
"OnePlus 12R (Iron Grey, 256 GB)","₹41,500",16 GB RAM | 256 GB ROM17.22 cm (6.78 inch) Display50MP Rear Camera5500 mAh Battery1 Year Brand Warranty,4.5
"OnePlus 11 5G (Titan Black, 256 GB)","₹49,990",16 GB RAM | 256 GB ROM17.02 cm (6.7 inch) Display50MP Rear Camera | 16MP Front Camera5000 mAh Batterydomestic warranty of 12 months on phone & 6 months on accessories,4.5
"IQOO 12 5G (Alpha, 256 GB)","₹49,999",12 GB RAM | 256 GB ROM17.22 cm (6.78 inch) Display50MP Rear Camera5000 mAh Battery1 Year Brand Warranty,4.6
"realme GT 5G (Dashing Silver, 128 GB)","₹40,999",8 GB RAM | 128 GB ROM16.33 cm (6.43 inch) Full HD+ Display64MP + 8MP + 2MP | 16MP Front Camera4500 mAh BatteryQualcomm Snapdragon 888 Processor1 Year Warranty for Mobile and 6 Months for Accessories,4.2
"SAMSUNG Galaxy S24 FE 5G (Mint, 128 GB)","₹39,599",8 GB RAM | 128 GB ROM17.02 cm (6.7 inch) Full HD+ Display50MP + 12MP | 10MP Front Camera4700 mAh BatteryExynos 2400e Processor1 Year Manufacturer Warranty for Device and 6 Months for In-Box Accessories,4.5
"OPPO Reno 12 Pro 5G (Sunset Gold, 512 GB)","₹40,999",12 GB RAM | 512 GB ROM | Expandable Upto 1 TB17.02 cm (6.7 inch) Full HD+ Display50MP + 8MP + 50MP | 50MP Front Camera5000 mAh BatteryDimensity 7300 Energy Processor1 Year Manufacturer Warranty for Device and 6 Months Manufacturer Warranty for Inbox Accessories,4.4
"SAMSUNG Galaxy S23 5G (Phantom Black, 128 GB)","₹44,999",8 GB RAM | 128 GB ROM15.49 cm (6.1 inch) Full HD+ Display50MP + 10MP + 12MP | 12MP Front Camera3900 mAh Lithium Ion BatteryQualcomm Snapdragon 8 Gen 2 Processor1 Year Manufacturer Warranty for Device and 6 Months Manufacturer Warranty for In-Box Accessories,4.6
"SAMSUNG S23 5G (Phantom Black, 256 GB)","₹49,999",8 GB RAM | 256 GB ROM15.49 cm (6.1 inch) Full HD+ Display50MP + 10MP + 12MP | 12MP Front Camera3900 mAh Lithium Ion BatteryQualcomm Snapdragon 8 Gen 2 Processor1 Year Manufacturer Warranty for Device and 6 Months Manufacturer Warranty for In-Box Accessories,4.6
"MOTOROLA Razr 50 (Beach Sand, 256 GB)","₹49,999",8 GB RAM | 256 GB ROM17.53 cm (6.9 inch) Full HD Display50MP Rear Camera4200 mAh BatteryOcta-core ProcessorBrand warranty of 1 year available for mobile and Six months for Accessories.,3.9
"MOTOROLA Razr 50 (Beach Sand, 256 GB)","₹49,999",8 GB RAM | 256 GB ROM17.53 cm (6.9 inch) Full HD Display50MP Rear Camera4200 mAh BatteryOcta-core ProcessorBrand warranty of 1 year available for mobile and Six months for Accessories.,3.9
"IQOO 12 5G (Legend, 256 GB)","₹46,900",12 GB RAM | 256 GB ROM17.22 cm (6.78 inch) Display50MP Rear Camera5000 mAh Battery1 Year Brand Warranty,4.6
"IQOO 12 5G (Alpha, 512 GB)","₹49,995",16 GB RAM | 512 GB ROM17.22 cm (6.78 inch) Display50MP Rear Camera5000 mAh Battery1 Year Brand Warranty,4.5
"SAMSUNG S23 5G (Cream, 256 GB)","₹49,999",8 GB RAM | 256 GB ROM15.49 cm (6.1 inch) Full HD+ Display50MP + 10MP + 12MP | 12MP Front Camera3900 mAh Lithium Ion BatteryQualcomm Snapdragon 8 Gen 2 Processor1 Year Manufacturer Warranty for Device and 6 Months Manufacturer Warranty for In-Box Accessories,4.6
"Xiaomi 14 CIVI (Aqua Blue, 512 GB)","₹44,999",12 GB RAM | 512 GB ROM16.64 cm (6.55 inch) Display50MP Rear Camera | 32MP + 32MP Dual Front Camera4700 mAh Battery8s Gen 3 Mobile Platform Processor1 Year Manufacturer Warranty for Phone and 6 Months Warranty for In the Box Accessories,4.3
"Xiaomi 14 CIVI (Cruise Blue, 512 GB)","₹43,999",12 GB RAM | 512 GB ROM16.64 cm (6.55 inch) Display50MP Rear Camera | 32MP + 32MP Dual Front Camera4700 mAh Battery8s Gen 3 Mobile Platform Processor1 Year Manufacturer Warranty for Phone and 6 Months Warranty for In the Box Accessories,4.3
"SAMSUNG S23 5G (Green, 128 GB)","₹44,999",8 GB RAM | 128 GB ROM15.49 cm (6.1 inch) Full HD+ Display50MP + 10MP + 12MP | 12MP Front Camera3900 mAh Lithium Ion BatteryQualcomm Snapdragon 8 Gen 2 Processor1 Year Manufacturer Warranty for Device and 6 Months Manufacturer Warranty for In-Box Accessories,4.6
"SAMSUNG Galaxy A55 5G (Awesome Iceblue, 256 GB)","₹45,999",12 GB RAM | 256 GB ROM | Expandable Upto 1 TB16.76 cm (6.6 inch) Full HD+ Display50MP + 12MP + 5MP | 32MP Front Camera5000 mAh BatteryExynos 1480 Processor1 Year Manufacturer Warranty for Device and 6 Months for In-Box Accessories,4.3
"Infinix Zero Flip 5G (Blossom Glow, 512 GB)","₹49,999",8 GB RAM | 512 GB ROM17.53 cm (6.9 inch) Full HD+ Display50MP + 50MP | 50MP Front Camera4720 mAh Lithium-ion Polymer BatteryDimensity 8020 ProcessorStandard 1 Year on Handset and 6 Months on Accessories. Physical and Liquid Damange Not Covered Under The Standard Warranty.,4.3
"vivo X90 (Asteroid Black, 256 GB)","₹42,990",8 GB RAM | 256 GB ROM17.22 cm (6.78 inch) Full HD+ Display50MP + 12MP + 12MP | 32MP Front Camera4810 mAh BatteryDimensity 9200 Processor1 Year Handset and 6 Months Accessories,4.4
"OPPO Reno13 Pro 5G (Graphite Grey, 256 GB)","₹49,999",12 GB RAM | 256 GB ROM17.35 cm (6.83 inch) Display50MP + 50MP + 8MP | 50MP Front Camera5800 mAh BatteryDimensity 8350 Processor1 Year Warranty on Handset and 6 Months Warranty on Accessories,4.5
"realme GT NEO 3 (150W) (Asphalt Black, 256 GB)","₹42,999",12 GB RAM | 256 GB ROM17.02 cm (6.7 inch) Full HD+ Display50MP + 8MP + 2MP | 16MP Front Camera4500 mAh Lithium Ion BatteryMediatek Dimensity 8100 Processor1 Year Manufacturer Warranty for Phone and 6 Months Warranty for In-Box Accessories,4.3
"OnePlus 10 Pro 5G (Volcanic Black, 128 GB)","₹39,998",8 GB RAM | 128 GB ROM17.02 cm (6.7 inch) Display48MP Rear Camera | 32MP Front Camera5000 mAh Battery1 Year Manufacturer Warranty for Handset and 6 Months Warranty for In the Box Accessories,4.2
"OnePlus 12R (Cool Blue, 256 GB)","₹41,999",16 GB RAM | 256 GB ROM17.22 cm (6.78 inch) Display50MP Rear Camera5500 mAh Battery1 Year Brand Warranty,4.5
"Xiaomi 14 CIVI (Hot Pink, 512 GB)","₹44,999",12 GB RAM | 512 GB ROM16.64 cm (6.55 inch) Display50MP Rear Camera | 32MP + 32MP Dual Front Camera4700 mAh Battery8s Gen 3 Mobile Platform Processor1 Year Manufacturer Warranty for Phone and 6 Months Warranty for In the Box Accessories,4.3
"Google Pixel 8 (Hazel, 256 GB)","₹47,999",8 GB RAM | 256 GB ROM15.75 cm (6.2 inch) Full HD+ Display50MP + 12MP | 10.5MP Front Camera4575 mAh BatteryTensor G3 Processor1 Year Domestic Warranty,4.4
"SAMSUNG Galaxy A56 5G (Awesome Olive, 256 GB)","₹44,999",12 GB RAM | 256 GB ROM17.02 cm (6.7 inch) Full HD+ Display50MP + 12MP + 5MP | 12MP Front Camera5000 mAh BatterySamsung Exynos 1580 Processor1 Year Manufacturer Warranty for Device and 6 Months for In-Box Accessories,4.5
"SAMSUNG Galaxy A56 5G (Awesome Graphite, 256 GB)","₹41,999",8 GB RAM | 256 GB ROM17.02 cm (6.7 inch) Full HD+ Display50MP + 12MP + 5MP | 12MP Front Camera5000 mAh BatterySamsung Exynos 1580 Processor1 Year Manufacturer Warranty for Device and 6 Months for In-Box Accessories,4.5
"vivo X80 (Cosmic Black, 128 GB)","₹54,999",8 GB RAM | 128 GB ROM17.22 cm (6.78 inch) Full HD+ Display50MP + 12MP + 12MP | 32MP Front Camera4500 mAh Lithium BatteryMediatek Dimensity 9000 Processor1 Year on Handset and 6 Months on Accessories,4.4
"realme GT NEO 3 (150W) (Nitro Blue, 256 GB)","₹42,999",12 GB RAM | 256 GB ROM17.02 cm (6.7 inch) Full HD+ Display50MP + 8MP + 2MP | 16MP Front Camera4500 mAh Lithium Ion BatteryMediatek Dimensity 8100 Processor1 Year Manufacturer Warranty for Phone and 6 Months Warranty for In-Box Accessories,4.3
"13 pro (Ceramic Black, 256 GB)","₹49,990",12 GB RAM | 256 GB ROM17.09 cm (6.73 inch) Display50MP Rear Camera4820 mAh BatteryDomestic warranty of 12 months on phone & 6 months on accessories,4.2
"SAMSUNG Galaxy S23 5G (Cream, 128 GB)","₹44,999",8 GB RAM | 128 GB ROM15.49 cm (6.1 inch) Full HD+ Display50MP + 10MP + 12MP | 12MP Front Camera3900 mAh Lithium Ion BatteryQualcomm Snapdragon 8 Gen 2 Processor1 Year Manufacturer Warranty for Device and 6 Months Manufacturer Warranty for In-Box Accessories,4.6
"Xiaomi 12 Pro 5G (Couture Blue, 256 GB)","₹41,999",12 GB RAM | 256 GB ROM17.09 cm (6.73 inch) Full HD+ Display50MP + 50MP + 50MP | 32MP Front Camera4600 mAh Lithium Polymer BatterySnapdragon 8 Gen 1 Processor1 Year Manufacturer Warranty for Phone and 6 Months Warranty for In the Box Accessories,4.1
"SAMSUNG Galaxy A55 5G (Awesome Navy, 256 GB)","₹38,880",12 GB RAM | 256 GB ROM | Expandable Upto 1 TB16.76 cm (6.6 inch) Full HD+ Display50MP + 12MP + 5MP | 32MP Front Camera5000 mAh BatterySamsung Exynos 1480 Processor1 Year Manufacturer Warranty for Device and 6 Months for In-Box Accessories,4.3
"SAMSUNG Galaxy A55 5G (Awesome Navy, 256 GB)","₹38,880",12 GB RAM | 256 GB ROM | Expandable Upto 1 TB16.76 cm (6.6 inch) Full HD+ Display50MP + 12MP + 5MP | 32MP Front Camera5000 mAh BatterySamsung Exynos 1480 Processor1 Year Manufacturer Warranty for Device and 6 Months for In-Box Accessories,4.3
"vivo X90 (Asteroid Black, 256 GB)","₹48,778",12 GB RAM | 256 GB ROM17.22 cm (6.78 inch) Full HD+ Display50MP + 12MP + 12MP | 32MP Front Camera4810 mAh BatteryDimensity 9200 Processor1 Year Handset and 6 Months Accessories,4.3
"SAMSUNG Galaxy A54 5G (Awesome Graphite, 256 GB)","₹45,894","8 GB RAM | 256 GB ROM | Expandable Upto 1 TB16.26 cm (6.4 inch) Full HD+ Display50MP + 12MP + 5MP | 32MP Front Camera5000 mAh BatteryExynos 1380, Octa Core Processor1 Year Manufacturer Warranty for Device and 6 Months Manufacturer Warranty for In-Box Accessories",4.3
"SAMSUNG Galaxy A56 5G (Awesome Light Gray, 256 GB)","₹44,650",8 GB RAM | 256 GB ROM17.02 cm (6.7 inch) Full HD+ Display50MP + 12MP + 5MP | 12MP Front Camera5000 mAh BatterySamsung Exynos 1580 Processor1 Year Manufacturer Warranty for Device and 6 Months for In-Box Accessories,4.5
"Infinix Zero Flip 5G (Rock Black, 512 GB)","₹49,999",8 GB RAM | 512 GB ROM17.53 cm (6.9 inch) Full HD+ Display50MP + 50MP | 50MP Front Camera4720 mAh Lithium-ion Polymer BatteryDimensity 8020 ProcessorStandard 1 Year on Handset and 6 Months on Accessories. Physical and Liquid Damange Not Covered Under The Standard Warranty.,4.3
"Samsung Galaxy S21 FE 5G with Snapdragon 888 (Olive, 128 GB)","₹45,999",8 GB RAM | 128 GB ROM16.26 cm (6.4 inch) Full HD+ Display12MP + 12MP + 8MP (OIS) | 32MP Front Camera4500 mAh Lithium-ion BatterySnapdragon 888 Processor1 Year Manufacturer Warranty for Device and 6 Months Manufacturer Warranty for In-Box Accessories,4.3
"Apple iPhone 11 (Black, 128 GB)","₹48,900",128 GB ROM15.49 cm (6.1 inch) Liquid Retina HD Display12MP + 12MP | 12MP Front CameraA13 Bionic Chip Processor1 year warranty for phone and 1 year warranty for in Box Accessories.,4.6
"OPPO Reno 12 Pro 5G (Space Brown, 512 GB)","₹40,999",12 GB RAM | 512 GB ROM | Expandable Upto 1 TB17.02 cm (6.7 inch) Full HD+ Display50MP + 8MP + 50MP | 50MP Front Camera5000 mAh BatteryDimensity 7300 Energy Processor1 Year Manufacturer Warranty for Device and 6 Months Manufacturer Warranty for Inbox Accessories,4.4
"Google Pixel 8 (Rose, 128 GB)","₹44,999",8 GB RAM | 128 GB ROM15.75 cm (6.2 inch) Full HD+ Display50MP + 12MP | 10.5MP Front Camera4575 mAh BatteryTensor G3 Processor1 Year Domestic Warranty,4.4
"MOTOROLA razr 40 (Sage Green, 256 GB)","₹49,999",8 GB RAM | 256 GB ROM17.53 cm (6.9 inch) Display64MP Rear Camera4200 mAh BatteryBrand Warranty of 1 Year Available for Mobile and 6 Months for Accessories,3.9
"Apple iPhone 12 (White, 64 GB)","₹48,900","64 GB ROM15.49 cm (6.1 inch) Super Retina XDR Display12MP + 12MP | 12MP Front CameraA14 Bionic Chip with Next Generation Neural Engine ProcessorCeramic ShieldIndustry-leading IP68 Water ResistanceAll Screen OLED Display12MP TrueDepth Front Camera with Night Mode, 4K Dolby Vision HDR Recording1 year warranty for phone and 1 year warranty for in Box Accessories.",4.6
"Google Pixel 6a (Chalk, 128 GB)","₹43,999",6 GB RAM | 128 GB ROM15.6 cm (6.14 inch) Full HD+ Display12.2MP + 12MP | 8MP Front Camera4410 mAh BatteryGoogle Tensor Processor1 Year Brand Warranty,4.3
"Samsung Galaxy S21 FE 5G with Snapdragon 888 (Navy, 128 GB)","₹45,999",8 GB RAM | 128 GB ROM16.26 cm (6.4 inch) Full HD+ Display12MP + 12MP + 8MP (OIS) | 32MP Front Camera4500 mAh Lithium-ion BatterySnapdragon 888 Processor1 Year Manufacturer Warranty for Device and 6 Months Manufacturer Warranty for In-Box Accessories,4.3
"Google Pixel 8 (Obsidian, 128 GB)","₹44,999",8 GB RAM | 128 GB ROM15.75 cm (6.2 inch) Full HD+ Display50MP + 12MP | 10.5MP Front Camera4575 mAh BatteryTensor G3 Processor1 Year Domestic Warranty,4.4
"MOTOROLA Razr 50 (Spritz Orange, 256 GB)","₹49,999",8 GB RAM | 256 GB ROM17.53 cm (6.9 inch) Full HD Display50MP Rear Camera4200 mAh BatteryOcta-core ProcessorBrand warranty of 1 year available for mobile and Six months for Accessories.,3.9
"SAMSUNG Galaxy S23 5G (Lavender, 256 GB)","₹49,999",8 GB RAM | 256 GB ROM15.49 cm (6.1 inch) Full HD+ Display50MP + 10MP + 12MP | 12MP Front Camera3900 mAh Lithium Ion BatteryQualcomm Snapdragon 8 Gen 2 Processor1 Year Manufacturer Warranty for Device and 6 Months Manufacturer Warranty for In-Box Accessories,4.6
"SAMSUNG Galaxy A56 5G (Awesome Graphite, 128 GB)","₹43,500",8 GB RAM | 128 GB ROM17.02 cm (6.7 inch) Full HD+ Display50MP + 12MP + 5MP | 12MP Front Camera5000 mAh BatterySamsung Exynos 1580 Processor1 Year Manufacturer Warranty for Device and 6 Months for In-Box Accessories,4.5
"Google Pixel 9A (Iris, 256 GB)","₹49,999",8 GB RAM | 256 GB ROM15.96 cm (6.285 inch) Full HD+ Display48MP + 12MP | 12MP Front Camera5100 mAh BatteryTensor G4 Processor1 Year Domestic Warranty,4.5
"MOTOROLA Razar 50 Flip (Koala Grey, 256 GB)","₹49,999",8 GB RAM | 256 GB ROM17.53 cm (6.9 inch) Display50MP Rear Camera4200 mAh Battery1 Year,4.3
"SAMSUNG Galaxy S24 FE 5G (Mint, 256 GB)","₹47,489",8 GB RAM | 256 GB ROM17.02 cm (6.7 inch) Full HD+ Display50MP + 12MP | 10MP Front Camera4700 mAh BatteryExynos 2400e Processor1 Year Manufacturer Warranty for Device and 6 Months for In-Box Accessories,4.5
"IQOO 12 (Legend, 256 GB)","₹45,599",12 GB RAM | 256 GB ROM17.22 cm (6.78 inch) Display50MP Rear Camera5000 mAh Battery1 Year,4.4
"IQOO 3 (Quantum Silver, 256 GB)","₹40,990","8 GB RAM | 256 GB ROM16.36 cm (6.44 inch) Full HD+ Display48MP + 13MP + 13MP + 2MP | 16MP Front Camera4440 mAh Li-ion BatteryQualcomm Snapdragon 865 ProcessorIn-Display Fingerprint Sensor, Monster Touch Buttons55 W Super Flash ChargeSuper AMOLED DisplayBrand Warranty of 1 Year Available for Mobile and Accessories",4.6
"Samsung Galaxy S21 FE 5G with Snapdragon 888 (Graphite, 128 GB)","₹45,999",8 GB RAM | 128 GB ROM16.26 cm (6.4 inch) Full HD+ Display12MP + 12MP + 8MP (OIS) | 32MP Front Camera4500 mAh Lithium-ion BatterySnapdragon 888 Processor1 Year Manufacturer Warranty for Device and 6 Months Manufacturer Warranty for In-Box Accessories,4.2
"IQOO Neo 9 Pro (Conqueror Black, 256 GB)","₹41,500",8 GB RAM | 256 GB ROM17.22 cm (6.78 inch) Display50MP Rear Camera5160 mAh Battery1 Year on Handset and 6 Months on Accessories,4.1
"SAMSUNG A52s 5G (Awesome Black, 128 GB)","₹40,999",8 GB RAM | 128 GB ROM | Expandable Upto 1 TB16.51 cm (6.5 inch) Full HD+ Display64MP + 12MP + 5MP + 5MP | 32MP Front Camera4500 mAh Li-ion BatteryQualcomm Snapdragon 778G Processor1 Year Manufacturer Warranty for Device and 6 Months Manufacturer Warranty for In-box Accessories,4.2
"Google Pixel 9A (Porcelain, 256 GB)","₹49,999",8 GB RAM | 256 GB ROM15.96 cm (6.285 inch) Full HD+ Display48MP + 12MP | 12MP Front Camera5100 mAh BatteryTensor G4 Processor1 Year Domestic Warranty,4.4
"Xiaomi 12 Pro 5G (Noir Black, 256 GB)","₹41,999",12 GB RAM | 256 GB ROM17.09 cm (6.73 inch) Full HD+ Display50MP + 50MP + 50MP | 32MP Front Camera4600 mAh Lithium Polymer BatterySnapdragon 8 Gen 1 Processor1 Year Manufacturer Warranty for Phone and 6 Months Warranty for In the Box Accessories,4.6
"Motorola Edge 30 Fusion (Cosmic grey, 128 GB)","₹42,999",8 GB RAM | 128 GB ROM16.64 cm (6.55 inch) Full HD+ Display50MP + 13MP + 2MP | 32MP Front Camera4400 mAh Lithium BatteryQualcomm Snapdragon 888 + Processor1 Year on Handset and 6 Months on Accessories,4.6
"realme X50 Pro (Moss Green, 256 GB)","₹47,999",12 GB RAM | 256 GB ROM16.36 cm (6.44 inch) Full HD+ Display64MP + 12MP + 8MP + 2MP | 32MP + 8MP Dual Front Camera4200 mAh Battery5G PhoneQualcomm Snapdragon 865 Processor65W Superdart ChargeBrand Warranty of 1 Year Available for Mobile and 6 Months for Accessories,4.3
"Google Pixel 9A (Obsidian, 256 GB)","₹49,999",8 GB RAM | 256 GB ROM15.96 cm (6.285 inch) Full HD+ Display48MP + 12MP | 12MP Front Camera5100 mAh BatteryTensor G4 Processor1 Year Domestic Warranty,4.2
"Apple iPhone 8 Plus (Gold, 64 GB)","₹49,900","64 GB ROM13.97 cm (5.5 inch) Retina HD Display12MP + 12MP | 7MP Front CameraA11 Bionic Chip with 64-bit Architecture, Neural Engine, Embedded M11 Motion Coprocessor ProcessorBrand Warranty of 1 Year",4.5
"Apple iPhone 8 Plus (Silver, 64 GB)","₹49,900","64 GB ROM13.97 cm (5.5 inch) Retina HD Display12MP + 12MP | 7MP Front CameraA11 Bionic Chip with 64-bit Architecture, Neural Engine, Embedded M11 Motion Coprocessor ProcessorBrand Warranty of 1 Year",4.4
"Google Pixel 7 Pro (Hazel, 128 GB)","₹44,999",12 GB RAM | 128 GB ROM17.02 cm (6.7 inch) Quad HD+ Display50MP + 48MP + 12MP | 10.8MP Front Camera4926 mAh BatteryGoogle Tensor G2 Processor1 Year Domestic Warranty,4.6
"SAMSUNG A73 5G (Awesome Gray, 128 GB)","₹41,999",8 GB RAM | 128 GB ROM | Expandable Upto 1 TB17.02 cm (6.7 inch) Full HD+ Display108MP + 12MP + 5MP + 5MP | 32MP Front Camera5000 mAh Li-ion BatteryQualcomm Snapdragon 778G Processor1 Year Manufacturer Warranty for Device and 6 Months Manufacturer Warranty for In-Box,4.5
"LG G Pro 2 (Titan, 16 GB)","₹42,021",3 GB RAM | 16 GB ROM | Expandable Upto 64 GB14.99 cm (5.9 inch) Full HD Display13MP Rear Camera | 2.1MP Front Camera3200 mAh BatteryQualcomm MSM8974 Snapdragon 800 Krait 400 Processor1 Year Manufacturer Warranty,4.5
"Apple iPhone SE 3rd Gen (Product (Red), 64 GB)","₹47,600","64 GB ROM11.94 cm (4.7 inch) Retina HD Display12MP Rear Camera | 7MP Front CameraA15 Bionic Chip, 6 Core Processor Processor1 year warranty for phone and 1 year warranty for in Box Accessories.",4.3
"Apple iPhone 8 Plus (Space Grey, 64 GB)","₹49,900","64 GB ROM13.97 cm (5.5 inch) Retina HD Display12MP + 12MP | 7MP Front CameraA11 Bionic Chip with 64-bit Architecture, Neural Engine, Embedded M11 Motion Coprocessor ProcessorBrand Warranty of 1 Year",4.5
"Apple iPhone 7 Plus (Gold, 128 GB)","₹42,900",128 GB ROM13.94 cm (5.488 inch) Retina HD Display12MP + 12MP | 7MP Front CameraApple A10 Fusion 64-bit processor and Embedded M10 Motion Co-processorBrand Warranty of 1 Year,4.6
"Apple iPhone SE (Red, 128 GB)","₹44,900","128 GB ROM11.94 cm (4.7 inch) Retina HD Display12MP Rear Camera | 7MP Front CameraA13 Bionic Chip with 3rd Gen Neural Engine ProcessorWater and Dust Resistant (1 meter for Upto 30 minutes, IP67)Fast Charge CapableWireless charging (Works with Qi Chargers | Qi Chargers are Sold Separately1 year warranty for phone and 1 year warranty for in Box Accessories.",4.6
"Google Pixel 6a (Charcoal, 128 GB)","₹43,999",6 GB RAM | 128 GB ROM15.6 cm (6.14 inch) Full HD+ Display12.2MP + 12MP | 8MP Front Camera4410 mAh BatteryGoogle Tensor Processor1 Year Brand Warranty,4.5
"Apple iPhone SE (Black, 128 GB)","₹44,900","128 GB ROM11.94 cm (4.7 inch) Retina HD Display12MP Rear Camera | 7MP Front CameraA13 Bionic Chip with 3rd Gen Neural Engine ProcessorWater and Dust Resistant (1 meter for Upto 30 minutes, IP67)Fast Charge CapableWireless charging (Works with Qi Chargers | Qi Chargers are Sold Separately1 year warranty for phone and 1 year warranty for in Box Accessories.",4.4
"Apple iPhone XR (White, 64 GB) (Includes EarPods, Power Adapter)","₹47,900",64 GB ROM15.49 cm (6.1 inch) Display12MP Rear Camera | 7MP Front CameraA12 Bionic Chip ProcessoriOS 13 Compatible1 year warranty for phone and 1 year warranty for in Box Accessories.,4.6
"Apple iPhone XR (Yellow, 64 GB) (Includes EarPods, Power Adapter)","₹47,900",64 GB ROM15.49 cm (6.1 inch) Display12MP Rear Camera | 7MP Front CameraA12 Bionic Chip ProcessoriOS 13 Compatible1 year warranty for phone and 1 year warranty for in Box Accessories.,4.1
"realme GT 6 (Fluid Silver, 512 GB)","₹35,999",16 GB RAM | 512 GB ROM17.22 cm (6.78 inch) Full HD+ Display50MP + 8MP + 50MP | 32MP Front Camera5500 mAh Battery8s Gen 3 Mobile Platform Processor1 Year Manufacturer Warranty for Device and 6 Months Manufacturer Warranty for Inbox Accessories,4.2
"vivo V40 Pro 5G (Titanium Grey, 256 GB)","₹49,999",8 GB RAM | 256 GB ROM17.22 cm (6.78 inch) Full HD+ Display50MP + 50MP + 50MP | 50MP Front Camera5500 mAh BatteryDimensity 9200+ Processor1 Year Warranty on Handset and 6 Months Warranty on Accessories,4.3
"Apple iPhone 12 (Blue, 64 GB)","₹48,900","64 GB ROM15.49 cm (6.1 inch) Super Retina XDR Display12MP + 12MP | 12MP Front CameraA14 Bionic Chip with Next Generation Neural Engine ProcessorCeramic ShieldIndustry-leading IP68 Water ResistanceAll Screen OLED Display12MP TrueDepth Front Camera with Night Mode, 4K Dolby Vision HDR Recording1 year warranty for phone and 1 year warranty for in Box Accessories.",4.3
"OnePlus 7T Pro Mclaren Limited Edition (Papaya Orange, 256 GB)","₹44,990",12 GB RAM | 256 GB ROM16.94 cm (6.67 inch) Display48MP Rear Camera | 8MP Front Camera4085 mAh Battery1 year manufacturer warranty for device and 6 months manufacturer warranty for in-box accessories including batteries from the date of purchase,4.3
"Motorola Edge 30 Fusion (Viva Magenta, 128 GB)","₹42,999",8 GB RAM | 128 GB ROM16.64 cm (6.55 inch) Full HD+ Display50MP + 13MP + 2MP | 32MP Front Camera4400 mAh Lithium BatteryQualcomm Snapdragon 888 + Processor1 Year on Handset and 6 Months on Accessories,4.5
"Google Pixel 8a (Porcelain, 128 GB)","₹37,999",8 GB RAM | 128 GB ROM15.49 cm (6.1 inch) Full HD+ Display64MP + 13MP | 13MP Front Camera4404 mAh BatteryTensor G3 Processor1 Year Domestic Warranty,4.5
"Google Pixel 8a (Aloe, 128 GB)","₹37,999",8 GB RAM | 128 GB ROM15.49 cm (6.1 inch) Full HD+ Display64MP + 13MP | 13MP Front Camera4404 mAh BatteryTensor G3 Processor1 Year Domestic Warranty,4.5
"Google Pixel 8a (Obsidian, 128 GB)","₹37,999",8 GB RAM | 128 GB ROM15.49 cm (6.1 inch) Full HD+ Display64MP + 13MP | 13MP Front Camera4404 mAh BatteryTensor G3 Processor1 Year Domestic Warranty,4.5
"vivo V50 5G (Rose Red, 256 GB)","₹36,999",8 GB RAM | 256 GB ROM17.2 cm (6.77 inch) Display50MP + 50MP | 50MP Front Camera6000 mAh Battery7 Gen 3 Processor1 Year Manufacturer Warranty for Device and 6 Months Warranty for Inbox Accessories,4.5
"vivo V50 5G (Titanium Grey, 256 GB)","₹36,999",8 GB RAM | 256 GB ROM17.2 cm (6.77 inch) Display50MP + 50MP | 50MP Front Camera6000 mAh Battery7 Gen 3 Processor1 Year Manufacturer Warranty for Device and 6 Months Warranty for Inbox Accessories,4.3
"realme GT 6 (Fluid Silver, 512 GB)","₹35,999",16 GB RAM | 512 GB ROM17.22 cm (6.78 inch) Full HD+ Display50MP + 8MP + 50MP | 32MP Front Camera5500 mAh Battery8s Gen 3 Mobile Platform Processor1 Year Manufacturer Warranty for Device and 6 Months Manufacturer Warranty for Inbox Accessories,4.5
"realme GT 6 (Razor Green, 512 GB)","₹39,999",16 GB RAM | 512 GB ROM17.22 cm (6.78 inch) Full HD+ Display50MP + 8MP + 50MP | 32MP Front Camera5500 mAh Battery8s Gen 3 Mobile Platform Processor1 Year Manufacturer Warranty for Device and 6 Months Manufacturer Warranty for Inbox Accessories,4.3
"vivo V50 5G (Starry Night, 256 GB)","₹36,999",8 GB RAM | 256 GB ROM17.2 cm (6.77 inch) Display50MP + 50MP | 50MP Front Camera6000 mAh Battery7 Gen 3 Processor1 Year Manufacturer Warranty for Device and 6 Months Warranty for Inbox Accessories,4.5
"Google Pixel 8a (Bay, 128 GB)","₹37,999",8 GB RAM | 128 GB ROM15.49 cm (6.1 inch) Full HD+ Display64MP + 13MP | 13MP Front Camera4404 mAh BatteryTensor G3 Processor1 Year Domestic Warranty,4.4
"OnePlus 12R (Cool Blue, 256 GB)","₹38,955","8 GB RAM | 256 GB ROM17.22 cm (6.78 inch) Display50MP Rear Camera5500 mAh Battery1 Year Warranty
1 year manufacturer warranty for device and 1 year manufacturer warranty for in-box accessories including batteries from the date of purchase",4.4
"Xiaomi 14 CIVI (Shadow Black, 256 GB)","₹39,999",8 GB RAM | 256 GB ROM16.64 cm (6.55 inch) Display50MP Rear Camera | 32MP + 32MP Dual Front Camera4700 mAh Battery8s Gen 3 Mobile Platform Processor1 Year Manufacturer Warranty for Phone and 6 Months Warranty for In the Box Accessories,4.5
"SAMSUNG A36 5G (Awesome Black, 256 GB)","₹33,999",8 GB RAM | 256 GB ROM17.02 cm (6.7 inch) Full HD+ Display50MP + 8MP | 12MP Front Camera5000 mAh BatteryQualcomm Snapdragon 6 Gen 3 Processor1 Year Manufacturer Warranty for Device and 6 Months for In-Box Accessories,4.5
"SAMSUNG Galaxy A55 5G (Awesome Navy, 256 GB)","₹36,999",8 GB RAM | 256 GB ROM | Expandable Upto 1 TB16.76 cm (6.6 inch) Full HD+ Display50MP + 12MP + 5MP | 32MP Front Camera5000 mAh BatteryExynos 1480 Processor1 Year Manufacturer Warranty for Device and 6 Months for In-Box Accessories,4.3
"SAMSUNG Galaxy A55 5G (Awesome Navy, 128 GB)","₹33,999",8 GB RAM | 128 GB ROM | Expandable Upto 1 TB16.76 cm (6.6 inch) Full HD+ Display50MP + 12MP + 5MP | 32MP Front Camera5000 mAh BatterySamsung Exynos 1480 Processor1 Year Manufacturer Warranty for Device and 6 Months for In-Box Accessories,4.5
"OnePlus 12R (Cool Blue, 128 GB)","₹37,300",8 GB RAM | 128 GB ROM17.22 cm (6.78 inch) Display50MP Rear Camera5500 mAh Battery1 Year Brand Warranty,4.3
"realme GT 6T 5G (Fluid Silver, 256 GB)","₹29,662",12 GB RAM | 256 GB ROM17.22 cm (6.78 inch) Display50MP Rear Camera5500 mAh Battery1 Year,4.5
"Xiaomi 14 CIVI (Cruise Blue, 256 GB)","₹39,999",8 GB RAM | 256 GB ROM16.64 cm (6.55 inch) Display50MP Rear Camera | 32MP + 32MP Dual Front Camera4700 mAh Battery8s Gen 3 Mobile Platform Processor1 Year Manufacturer Warranty for Phone and 6 Months Warranty for In the Box Accessories,4.5
"vivo V30 Pro 5G (Classic Black, 512 GB)","₹39,999",12 GB RAM | 512 GB ROM17.22 cm (6.78 inch) Full HD+ Display50MP + 50MP + 50MP | 50MP Front Camera5000 mAh BatteryDimensity 8200 5G Processor1 Year Manufacturer Warranty for Device and 6 Months Manufacturer Warranty for Inbox Accessories,4.3
"SAMSUNG Galaxy A36 5G (Awesome Lavender, 256 GB)","₹33,999",8 GB RAM | 256 GB ROM17.02 cm (6.7 inch) Full HD+ Display50MP + 8MP | 12MP Front Camera5000 mAh BatteryQualcomm Snapdragon 6 Gen 3 Processor1 Year Manufacturer Warranty for Device and 6 Months for In-Box Accessories,4.5
"vivo V30 Pro 5G (Andaman Blue, 512 GB)","₹39,999",12 GB RAM | 512 GB ROM17.22 cm (6.78 inch) Full HD+ Display50MP + 50MP + 50MP | 50MP Front Camera5000 mAh BatteryDimensity 8200 5G Processor1 Year Manufacturer Warranty for Device and 6 Months Manufacturer Warranty for Inbox Accessories,4.1
"OPPO 12 Pro 5G (Manish Malhotra Limited Edition, 256 GB)","₹36,999",12 GB RAM | 256 GB ROM | Expandable Upto 1 TB17.02 cm (6.7 inch) Full HD+ Display50MP + 8MP + 50MP | 50MP Front Camera5000 mAh BatteryDimensity 7300 Energy Processor1 Year Manufacturer Warranty for Device and 6 Months Manufacturer Warranty for Inbox Accessories,4.5
"SAMSUNG Galaxy A36 5G (Awesome White, 256 GB)","₹33,999",8 GB RAM | 256 GB ROM17.02 cm (6.7 inch) Full HD+ Display50MP + 8MP | 12MP Front Camera5000 mAh BatteryQualcomm Snapdragon 6 Gen 3 Processor1 Year Manufacturer Warranty for Device and 6 Months for In-Box Accessories,4.5
"IQOO Neo 10R 5G (MoonKnight Titanium, 256 GB)","₹35,890",12 GB RAM | 256 GB ROM17.22 cm (6.78 inch) Display50MP Rear Camera6400 mAh Battery1 Year Manufacturer Warranty for Phone and 6 Months Warranty for In the Box Accessories,4.1
"Honor 200 5G (Moonlight White, 512 GB)","₹32,999",12 GB RAM | 512 GB ROM17.02 cm (6.7 inch) Full HD+ Super AMOLED Display50MP + 50MP + 12MP | 50MP Front Camera5200 mAh BatterySnapdragon 7 Gen 3 Processor1 year manufacturer's warranty for handset & 6 months for accessories,4.4
"vivo V30 Pro 5G (Classic Black, 256 GB)","₹34,999",8 GB RAM | 256 GB ROM17.22 cm (6.78 inch) Full HD+ Display50MP + 50MP + 50MP | 50MP Front Camera5000 mAh BatteryDimensity 8200 5G Processor1 Year Manufacturer Warranty for Device and 6 Months Manufacturer Warranty for Inbox Accessories,4.5
"OnePlus 12R (Iron Gray, 256 GB)","₹37,289","8 GB RAM | 256 GB ROM17.22 cm (6.78 inch) Display50MP Rear Camera5500 mAh Battery1 Year Warranty
1 year manufacturer warranty for device and 1 year manufacturer warranty for in-box accessories including batteries from the date of purchase",4.3
"SAMSUNG Galaxy A36 5G (Awesome Lavender, 256 GB)","₹36,999",12 GB RAM | 256 GB ROM17.02 cm (6.7 inch) Full HD+ Display50MP + 8MP | 12MP Front Camera5000 mAh BatteryQualcomm Snapdragon 6 Gen 3 Processor1 Year Manufacturer Warranty for Device and 6 Months for In-Box Accessories,4.4
"SAMSUNG Galaxy A55 5G (Awesome Iceblue, 256 GB)","₹36,999",8 GB RAM | 256 GB ROM | Expandable Upto 1 TB16.76 cm (6.6 inch) Full HD+ Display50MP + 12MP + 5MP | 32MP Front Camera5000 mAh BatterySamsung Exynos 1480 Processor1 Year Manufacturer Warranty for Device and 6 Months for In-Box Accessories,4.4
"OnePlus 12R (Iron Gray, 128 GB)","₹34,889",8 GB RAM | 128 GB ROM17.22 cm (6.78 inch) Display50MP Rear Camera5500 mAh Battery1 Year Brand Warranty,4.5
"Xiaomi 14 CIVI (Matcha Green, 256 GB)","₹39,999",8 GB RAM | 256 GB ROM16.64 cm (6.55 inch) Display50MP Rear Camera | 32MP + 32MP Dual Front Camera4700 mAh Battery8s Gen 3 Mobile Platform Processor1 Year Manufacturer Warranty for Phone and 6 Months Warranty for In the Box Accessories,4.4
"SAMSUNG Galaxy A55 5G (Awesome Iceblue, 128 GB)","₹34,999",8 GB RAM | 128 GB ROM | Expandable Upto 1 TB16.76 cm (6.6 inch) Full HD+ Display50MP + 12MP + 5MP | 32MP Front Camera5000 mAh BatterySamsung Exynos 1480 Processor1 Year Manufacturer Warranty for Device and 6 Months for In-Box Accessories,4.4
"OPPO Reno 12 Pro 5G (Sunset Gold, 256 GB)","₹36,999",12 GB RAM | 256 GB ROM | Expandable Upto 1 TB17.02 cm (6.7 inch) Full HD+ Display50MP + 8MP + 50MP | 50MP Front Camera5000 mAh BatteryDimensity 7300 Energy Processor1 Year Manufacturer Warranty for Device and 6 Months Manufacturer Warranty for Inbox Accessories,4.4
"OnePlus 12R (Sunset Dune, 256 GB)","₹38,951",8 GB RAM | 256 GB ROM17.22 cm (6.78 inch) Display50MP Rear Camera5500 mAh Battery1 Year Brand Warranty,4.4
"OPPO Reno 12 Pro 5G (Space Brown, 256 GB)","₹36,999",12 GB RAM | 256 GB ROM | Expandable Upto 1 TB17.02 cm (6.7 inch) Full HD+ Display50MP + 8MP + 50MP | 50MP Front Camera5000 mAh BatteryDimensity 7300 Energy Processor1 Year Manufacturer Warranty for Device and 6 Months Manufacturer Warranty for Inbox Accessories,4.4
"SAMSUNG Galaxy S23 FE (Mint, 256 GB)","₹37,999",8 GB RAM | 256 GB ROM16.26 cm (6.4 inch) Full HD+ Display50MP + 12MP | 10MP Front Camera4500 mAh BatterySamsung Exynos 2200 Processor1 Year Manufacturer Warranty for Device and 6 Months for In-Box Accessories,4.3
"SAMSUNG Galaxy S23 FE (Graphite, 256 GB)","₹37,999",8 GB RAM | 256 GB ROM16.26 cm (6.4 inch) Full HD+ Display50MP + 12MP | 10MP Front Camera4500 mAh BatterySamsung Exynos 2200 Processor1 Year Manufacturer Warranty for Device and 6 Months for In-Box Accessories,4.5
"OPPO Reno13 5G (Blue, 128 GB)","₹37,999",8 GB RAM | 128 GB ROM16.74 cm (6.59 inch) Display50MP + 8MP + 2MP | 50MP Front Camera5600 mAh BatteryDimensity 8350 Processor1 Year Warranty on Handset and 6 Months Warranty on Accessories,4.5
"OPPO Reno13 5G (Ivory White, 256 GB)","₹39,999",8 GB RAM | 256 GB ROM16.74 cm (6.59 inch) Display50MP + 8MP + 2MP | 50MP Front Camera5600 mAh BatteryDimensity 8350 Processor1 Year Warranty on Handset and 6 Months Warranty on Accessories,4.4
"OPPO Reno8T 5G (Midnight Black, 128 GB)","₹38,999",8 GB RAM | 128 GB ROM | Expandable Upto 1 TB17.02 cm (6.7 inch) Full HD+ Display108MP + 2MP + 2MP | 32MP Front Camera4800 mAh Lithium-ion Polymer BatteryQualcomm Snapdragon 695 Processor67W SUPERVOOC TM Charger I Dual Stereo Speakers120Hz 3D Curved AMOLED Screen1 Year on Handset and 6 Months on Accessories,4.4
"vivo V40 5G (Ganges Blue, 256 GB)","₹36,999",8 GB RAM | 256 GB ROM17.22 cm (6.78 inch) Full HD+ Display50MP + 50MP | 50MP Front Camera5500 mAh BatterySnapdragon 7 Gen 3 Processor1 Year Warranty on Handset and 6 Months Warranty on Accessories,4.4
"IQOO NEO9 PRO (Fiery Red, 128 GB)","₹31,849",8 GB RAM | 128 GB ROM17.22 cm (6.78 inch) Display50MP Rear Camera5160 mAh Battery1 Year,4.4
"OnePlus 11 5G (Titan Black, 128 GB)","₹36,998",8 GB RAM | 128 GB ROM17.02 cm (6.7 inch) Display50MP Rear Camera | 16MP Front Camera5000 mAh Batterydomestic warranty of 12 months on phone & 6 months on accessories,4.4
"OPPO Reno13 5G (Ivory White, 128 GB)","₹37,999",8 GB RAM | 128 GB ROM16.74 cm (6.59 inch) Display50MP + 8MP + 2MP | 50MP Front Camera5600 mAh BatteryDimensity 8350 Processor1 Year Warranty on Handset and 6 Months Warranty on Accessories,4.4
"OPPO Reno13 5G (Luminous Blue, 256 GB)","₹39,999",8 GB RAM | 256 GB ROM16.74 cm (6.59 inch) Display50MP + 8MP + 2MP | 50MP Front Camera5600 mAh BatteryDimensity 8350 Processor1 Year Warranty on Handset and 6 Months Warranty on Accessories,4.2
"OnePlus 11 5G (Eternal Green, 128 GB)","₹35,290",8 GB RAM | 128 GB ROM17.02 cm (6.7 inch) Display50MP Rear Camera5000 mAh Batterydomestic warranty of 12 months on phone & 6 months on accessories,4.3
"realme 14 Pro+ 5G (Suede Grey, 512 GB)","₹37,999",12 GB RAM | 512 GB ROM17.35 cm (6.83 inch) Display50MP + 50MP + 8MP | 32MP Front Camera6000 mAh Battery7s Gen 3 Mobile Platform Processor1 Year Manufacturer Warranty for Device and 6 Months Manufacturer Warranty for Inbox Accessories,4.2
"realme 14 Pro+ 5G (Pearl White, 512 GB)","₹37,999",12 GB RAM | 512 GB ROM17.35 cm (6.83 inch) Display50MP + 50MP + 8MP | 32MP Front Camera6000 mAh Battery7s Gen 3 Mobile Platform Processor1 Year Manufacturer Warranty for Device and 6 Months Manufacturer Warranty for Inbox Accessories,4.3
"OnePlus 10 Pro 5G (Emerald Forest, 128 GB)","₹34,999",8 GB RAM | 128 GB ROM17.02 cm (6.7 inch) Display48MP Rear Camera5000 mAh Battery1 year manufacturer warranty for device and 6 months manufacturer warranty for in-box accessories including batteries from the date of purchase,4.1
"vivo V25 Pro 5G (Sailing Blue, 128 GB)","₹35,999",8 GB RAM | 128 GB ROM16.66 cm (6.56 inch) Full HD+ Display64MP + 8MP + 2MP | 32MP Front Camera4830 mAh Lithium BatteryMediatek Dimensity 1300 ProcessorColor Changing Fluorite AG Glass Design120 Hz 3D Curve Display1 Year on Handset and 6 Months on Accessories,4.3
"Mi 10T (Cosmic Black, 128 GB)","₹35,999",6 GB RAM | 128 GB ROM16.94 cm (6.67 inch) Full HD+ Display64MP + 13MP + 5MP | 20MP Front Camera5000 mAh Li-ion Polymer BatteryQualcomm Snapdragon 865 Processor144Hz Intelligent AdaptiveSync Display33W Dual Split Flash Charge1 Year Manufacturer Warranty for Device and 6 Months Manufacturer Warranty for In-box Accessories,4.3
"OPPO Reno10 Pro 5G (Silvery Grey, 256 GB)","₹37,999",12 GB RAM | 256 GB ROM17.02 cm (6.7 inch) Full HD+ Display50MP + 32MP + 8MP | 32MP Front Camera4600 mAh BatterySnapdragon 778G 5G Processor1 Year Manufacturer Warranty for Phone and 6 Months Warranty for In the Box Accessories,4.5
"Mi 10T (Cosmic Black, 128 GB)","₹37,999",8 GB RAM | 128 GB ROM16.94 cm (6.67 inch) Full HD+ Display64MP + 13MP + 5MP | 20MP Front Camera5000 mAh Li-ion Polymer BatteryQualcomm Snapdragon 865 Processor144Hz Intelligent AdaptiveSync Display33W Dual Split Flash Charge1 Year Manufacturer Warranty for Device and 6 Months Manufacturer Warranty for In-box Accessories,4.3
"vivo V23 Pro 5G (Sunshine Gold, 128 GB)","₹38,990",8 GB RAM | 128 GB ROM16.66 cm (6.56 inch) Full HD+ Display108MP + 8MP + 2MP | 50MP + 8MP Dual Front Camera4300 mAh Lithium BatteryMediatek Dimensity 1200 Processor1 Year Manufacturer Warranty for Phone and 6 Months Warranty for In the Box Accessories,4.1
"OPPO Reno8T 5G (Sunrise Gold, 128 GB)","₹38,999",8 GB RAM | 128 GB ROM | Expandable Upto 1 TB17.02 cm (6.7 inch) Full HD+ Display108MP + 2MP + 2MP | 32MP Front Camera4800 mAh Lithium-ion Polymer BatteryQualcomm Snapdragon 695 Processor67W SUPERVOOC TM Charger I Dual Stereo Speakers120Hz 3D Curved AMOLED Screen1 Year on Handset and 6 Months on Accessories,4.3
"vivo V29 Pro 5G (Black, 256 GB)","₹39,999",8 GB RAM | 256 GB ROM17.22 cm (6.78 inch) Full HD+ AMOLED Display50MP + 12MP + 8MP | 50MP Front Camera4600 mAh BatteryDimensity 8200 Processor1 Year Manufacturer Warranty for Phone and 6 Months Warranty for In the Box Accessories,4.5
"vivo V25 Pro 5G (Pure Black, 128 GB)","₹35,999",8 GB RAM | 128 GB ROM16.66 cm (6.56 inch) Full HD+ Display64MP + 8MP + 2MP | 32MP Front Camera4830 mAh Lithium BatteryMediatek Dimensity 1300 ProcessorColor Changing Fluorite AG Glass Design120 Hz 3D Curve Display1 Year on Handset and 6 Months on Accessories,4.4
"SAMSUNG Galaxy A36 5G (Awesome Black, 256 GB)","₹36,999",12 GB RAM | 256 GB ROM17.02 cm (6.7 inch) Full HD+ Display50MP + 8MP | 12MP Front Camera5000 mAh BatteryQualcomm Snapdragon 6 Gen 3 Processor1 Year Manufacturer Warranty for Device and 6 Months for In-Box Accessories,4.4
"vivo V23 Pro 5G (Stardust Black, 128 GB)","₹38,990",8 GB RAM | 128 GB ROM | Expandable Upto 12 GB16.66 cm (6.56 inch) Full HD+ Display108MP + 8MP + 2MP | 50MP + 8MP Dual Front Camera4300 mAh Lithium BatteryMediatek Dimensity 1200 Processor1 Year Manufacturer Warranty for Phone and 6 Months Warranty for In the Box Accessories,4.1
"IQOO Neo9 Pro (Conqueror Black, 128 GB)","₹37,990",8 GB RAM | 128 GB ROM17.22 cm (6.78 inch) Display50MP Rear Camera5160 mAh Battery1 Year,4.4
"OnePlus 11 5G (Eternal Green, 128 GB)","₹34,437",8 GB RAM | 128 GB ROM17.02 cm (6.7 inch) Display50MP Rear Camera | 16MP Front Camera5000 mAh Batterydomestic warranty of 12 months on phone & 6 months on accessories,4.2
"OPPO Reno13 5G (Sky Blue, 256 GB)","₹39,999",8 GB RAM | 256 GB ROM16.74 cm (6.59 inch) Display50MP + 8MP + 2MP | 50MP Front Camera5600 mAh BatteryDimensity 8350 Processor1 Year Warranty on Handset and 6 Months Warranty on Accessories,4.2
"Xiaomi 12 Pro 5G (Noir Black, 256 GB)","₹39,900",8 GB RAM | 256 GB ROM17.09 cm (6.73 inch) Full HD+ Display50MP + 50MP + 50MP | 32MP Front Camera4600 mAh Lithium Polymer BatterySnapdragon 8 Gen 1 Processor1 Year Manufacturer Warranty for Phone and 6 Months Warranty for In the Box Accessories,4.5
"vivo V27 5G (Magic Blue, 256 GB)","₹36,999",12 GB RAM | 256 GB ROM17.22 cm (6.78 Inch) Full HD+ AMOLED Display50MP (OIS) + 8MP + 2MP | 50MP Front Camera4600 mAh BatteryMediatek Dimensity 7200 5G Processor1 Year Brand Warranty,4.6
"REDMI Note 13 Pro+ 5G (Fusion Black, 512 GB)","₹31,299",12 GB RAM | 512 GB ROM16.94 cm (6.67 inch) Display200MP (OIS) + 8MP + 2MP | 16MP Front Camera5000 mAh BatteryDimensity 7200 Ultra 5G Processor1 Year Manufacturer Warranty for Phone and 6 Months Warranty for In the Box Accessories,4.6
"realme GT Neo 3 (Asphalt Black, 256 GB)","₹38,999",8 GB RAM | 256 GB ROM17.02 cm (6.7 inch) Full HD+ Display50MP + 8MP + 2MP | 16MP Front Camera5000 mAh Lithium Ion BatteryMediatek Dimensity 8100 Processor1 Year Manufacturer Warranty for Phone and 6 Months Warranty for In-Box Accessories,4.6
"OnePlus 11R 5G (Sonic Black, 256 GB)","₹38,999",16 GB RAM | 256 GB ROM17.02 cm (6.7 inch) Display50MP Rear Camera5000 mAh BatteryDomestic warranty of 12 months on phone & 6 months on accessries,4.3
"REDMI Note-14 Pro+ 5G (Spectre Blue, 512 GB)","₹37,999",12 GB RAM | 512 GB ROM16.94 cm (6.67 inch) Display50MP + 50MP + 8MP | 20MP Front Camera6200 mAh Battery7s Gen 3 Processor1 Year Manufacturer Warranty for Phone and 6 Months Warranty for In the Box Accessories,4.5
"REDMI Note-14 Pro+ 5G (Titan Black, 512 GB)","₹36,999",12 GB RAM | 512 GB ROM16.94 cm (6.67 inch) Display50MP + 50MP + 8MP | 20MP Front Camera6200 mAh Battery7s Gen 3 Processor1 Year Manufacturer Warranty for Phone and 6 Months Warranty for In the Box Accessories,4.3
"REDMI Note-14 Pro+ 5G (Phantom Purple, 512 GB)","₹37,999",12 GB RAM | 512 GB ROM16.94 cm (6.67 inch) Display50MP + 50MP + 8MP | 20MP Front Camera6200 mAh Battery7s Gen 3 Processor1 Year Manufacturer Warranty for Phone and 6 Months Warranty for In the Box Accessories,4.2
"OnePlus 10R (Forest Green, 128 GB)","₹35,990",8 GB RAM | 128 GB ROM17.02 cm (6.7 inch) Display50MP Rear Camera5000 mAh Battery1 Year Manufacturer Warranty for Handset and 6 Months Warranty for In the Box Accessories,4.2
"vivo V29 Pro 5G (Blue, 256 GB)","₹38,768",12 GB RAM | 256 GB ROM17.22 cm (6.78 inch) Full HD+ AMOLED Display50MP + 12MP + 8MP | 50MP Front Camera4600 mAh BatteryDimensity 8200 Processor1 Year Manufacturer Warranty for Phone and 6 Months Warranty for In the Box Accessories,4.3
"OnePlus 10R (Forest Green, 128 GB)","₹29,499",8 GB RAM | 128 GB ROM17.02 cm (6.7 inch) Display50MP Rear Camera | 16MP Front Camera5000 mAh Battery1 Year Manufacturer Warranty for Handset and 6 Months Warranty for In the Box Accessories,4.3
"OnePlus 10 Pro 5G (Volcanic Black, 128 GB)","₹36,499",8 GB RAM | 128 GB ROM17.02 cm (6.7 inch) Display48MP Rear Camera5000 mAh Battery1 Year Manufacturer Warranty for Handset and 6 Months Warranty for In the Box Accessories,4.5
"Mi 10T Pro (Cosmic Black, 128 GB)","₹39,999",8 GB RAM | 128 GB ROM16.94 cm (6.67 inch) Full HD+ Display108MP + 13MP + 5MP | 20MP Front Camera5000 mAh Li-ion Polymer BatteryQualcomm Snapdragon 865 Processor144Hz Intelligent AdaptiveSync Display33W Dual Split Flash Charge1 Year Manufacturer Warranty for Device and 6 Months Manufacturer Warranty for In-box Accessories,4.4
"SAMSUNG Galaxy A54 5G (Awesome Lime, 256 GB)","₹37,499","8 GB RAM | 256 GB ROM | Expandable Upto 1 TB16.26 cm (6.4 inch) Full HD+ Display50MP + 12MP + 5MP | 32MP Front Camera5000 mAh BatteryExynos 1380, Octa Core Processor1 Year Manufacturer Warranty for Device and 6 Months Manufacturer Warranty for In-Box Accessories",4.6
"OPPO Reno8 5G (Shimmer Black, 128 GB)","₹26,999",8 GB RAM | 128 GB ROM16.33 cm (6.43 inch) Full HD Display50MP + 8MP + 2MP | 32MP Front Camera4500 mAh Lithium-ion Polymer BatteryMediatek Dimensity 1300 Processor1 Year Warranty for Phone and 6 Months Warranty for In-Box Accessories,4.3
"Apple iPhone SE (Black, 64 GB)","₹39,900","64 GB ROM11.94 cm (4.7 inch) Retina HD Display12MP Rear Camera | 7MP Front CameraA13 Bionic Chip with 3rd Gen Neural Engine ProcessorWater and Dust Resistant (1 meter for Upto 30 minutes, IP67)Fast Charge CapableWireless charging (Works with Qi Chargers | Qi Chargers are Sold Separately1 year warranty for phone and 1 year warranty for in Box Accessories.",4
"IQOO Neo 7 Pro (Dark Storm, 256 GB)","₹39,990",12 GB RAM | 256 GB ROM17.22 cm (6.78 inch) Display50MP Rear Camera5000 mAh BatteryDomestic 1 Year of Device & 6 Months for In-Box Accessories,4.5
"realme X2 Pro (Neptune Blue, 256 GB)","₹35,999",12 GB RAM | 256 GB ROM16.51 cm (6.5 inch) Full HD+ Display64MP + 13MP + 8MP + 2MP | 16MP Front Camera4000 mAh BatteryQualcomm Snapdragon 855 Plus Processor90 Hz Ultra Smooth Display50W Super Vooc Flash Charge20X Hybrid ZoomBrand Warranty of 1 Year Available for Mobile and 6 Months for Accessories,4.3
"Mi Mix 2 (Black, 128 GB)","₹37,999",6 GB RAM | 128 GB ROM15.21 cm (5.99 inch) Full HD+ Display12MP Rear Camera | 5MP Front Camera3400 mAh Li-polymer BatteryQualcomm Snapdragon 835 Octa Core 2.5 GHz ProcessorBrand Warranty of 1 Year Available for Mobile and 6 Months for Accessories,4.2
"Infinix Zero Ultra (Genesis Noir, 256 GB)","₹36,999",8 GB RAM | 256 GB ROM17.27 cm (6.8 inch) Full HD+ Display200MP + 13MP + 2MP | 32MP Front Camera4500 mAh Lithium-ion Polymer BatteryMediatek Dimensity 920 Processor1 Year on Handset and 6 Months on Accessories,4.4
"IQOO 3 (Quantum Silver, 128 GB)","₹37,990","8 GB RAM | 128 GB ROM16.36 cm (6.44 inch) Full HD+ Display48MP + 13MP + 13MP + 2MP | 16MP Front Camera4440 mAh Li-ion BatteryQualcomm Snapdragon 865 ProcessorIn-Display Fingerprint Sensor, Monster Touch Buttons55 W Super Flash ChargeSuper AMOLED DisplayBrand Warranty of 1 Year Available for Mobile and Accessories",4.2
"OPPO 13 5G (LUMINOUS BLUE, IVORY WHITE, 128 GB)","₹37,990",8 GB RAM | 128 GB ROM16.74 cm (6.59 inch) Display50MP Rear Camera5600 mAh Battery1 Year Warranty on Handset and 6 Months Warranty on Accessories,4.3
"vivo X50 (Glaze Black, 128 GB)","₹39,990",8 GB RAM | 128 GB ROM16.66 cm (6.56 inch) Full HD+ E3 Super AMOLED Display48MP + 13MP + 8MP + 5MP | 32MP Front Camera4200 mAh Lithium-ion BatteryQualcomm Snapdragon 730 Processor33W Vivo FlashCharge 2.01 Year for Handset and 6 Months for In-box Accessories,4.4
"realme GT Neo 3 (Nitro Blue, 128 GB)","₹36,999",8 GB RAM | 128 GB ROM17.02 cm (6.7 inch) Full HD+ Display50MP + 8MP + 2MP | 16MP Front Camera5000 mAh Lithium Ion BatteryMediatek Dimensity 8100 Processor1 Year Manufacturer Warranty for Phone and 6 Months Warranty for In-Box Accessories,4.4
"vivo T3 Lite 5G (Majestic Black, 128 GB)","₹11,499",6 GB RAM | 128 GB ROM | Expandable Upto 1 TB16.66 cm (6.56 inch) Display50MP + 2MP | 8MP Front Camera5000 mAh BatteryDimensity 6300 Processor1 Year Manufacturer Warranty for Device and 6 Months Manufacturer Warranty for Inbox Accessories,4.6
"SAMSUNG Galaxy F05 (Twilight Blue, 64 GB)","₹6,499",4 GB RAM | 64 GB ROM | Expandable Upto 1 TB17.12 cm (6.74 inch) HD+ Display50MP + 2MP | 8MP Front Camera5000 mAh BatteryHelio G85 Processor1 Year Manufacturer Warranty for Device and 6 Months for In-Box Accessories,4.6
"Motorola g45 5G (Brilliant Blue, 128 GB)","₹11,999",8 GB RAM | 128 GB ROM | Expandable Upto 1 TB16.51 cm (6.5 inch) HD+ Display50MP + 2MP | 16MP Front Camera5000 mAh BatterySnapdragon 6s Gen 3 Processor1 Year Warranty on Handset and 6 Months Warranty on Accessories,4.6
"vivo T3 Lite 5G (Majestic Black, 128 GB)","₹10,499",4 GB RAM | 128 GB ROM | Expandable Upto 1 TB16.66 cm (6.56 inch) Display50MP + 2MP | 8MP Front Camera5000 mAh BatteryDimensity 6300 Processor1 Year Manufacturer Warranty for Device and 6 Months Manufacturer Warranty for Inbox Accessories,4.6
"vivo T3 Lite 5G (Vibrant Green, 128 GB)","₹10,499",4 GB RAM | 128 GB ROM | Expandable Upto 1 TB16.66 cm (6.56 inch) Display50MP + 2MP | 8MP Front Camera5000 mAh BatteryDimensity 6300 Processor1 Year Manufacturer Warranty for Device and 6 Months Manufacturer Warranty for Inbox Accessories,4.6
"Apple iPhone 16 (Black, 256 GB)","₹84,900","256 GB ROM15.49 cm (6.1 inch) Super Retina XDR Display48MP + 12MP | 12MP Front CameraA18 Chip, 6 Core Processor Processor1 year warranty for phone and 1 year warranty for in Box Accessories.",4.3
"Apple iPhone 16 Plus (Black, 256 GB)","₹94,900","256 GB ROM17.02 cm (6.7 inch) Super Retina XDR Display48MP + 12MP | 12MP Front CameraA18 Chip, 6 Core Processor Processor1 year warranty for phone and 1 year warranty for in Box Accessories.",4.6
"Apple iPhone 16 Plus (Black, 128 GB)","₹84,900","128 GB ROM17.02 cm (6.7 inch) Super Retina XDR Display48MP + 12MP | 12MP Front CameraA18 Chip, 6 Core Processor Processor1 year warranty for phone and 1 year warranty for in Box Accessories.",4.6
"Apple iPhone 16 (White, 256 GB)","₹84,900","256 GB ROM15.49 cm (6.1 inch) Super Retina XDR Display48MP + 12MP | 12MP Front CameraA18 Chip, 6 Core Processor Processor1 year warranty for phone and 1 year warranty for in Box Accessories.",4.6
"Apple iPhone 16 (Black, 128 GB)","₹74,900","128 GB ROM15.49 cm (6.1 inch) Super Retina XDR Display48MP + 12MP | 12MP Front CameraA18 Chip, 6 Core Processor Processor1 year warranty for phone and 1 year warranty for in Box Accessories.",4.3
"Motorola g45 5G (Brilliant Green, 128 GB)","₹11,999",8 GB RAM | 128 GB ROM | Expandable Upto 1 TB16.51 cm (6.5 inch) HD+ Display50MP + 2MP | 16MP Front Camera5000 mAh BatterySnapdragon 6s Gen 3 Processor1 Year Warranty on Handset and 6 Months Warranty on Accessories,4.6
"Apple iPhone 16 Plus (Ultramarine, 128 GB)","₹84,900","128 GB ROM17.02 cm (6.7 inch) Super Retina XDR Display48MP + 12MP | 12MP Front CameraA18 Chip, 6 Core Processor Processor1 year warranty for phone and 1 year warranty for in Box Accessories.",4.3
"Apple iPhone 16 (White, 128 GB)","₹74,900","128 GB ROM15.49 cm (6.1 inch) Super Retina XDR Display48MP + 12MP | 12MP Front CameraA18 Chip, 6 Core Processor Processor1 year warranty for phone and 1 year warranty for in Box Accessories.",4.6
"Apple iPhone 16 (Ultramarine, 128 GB)","₹74,900","128 GB ROM15.49 cm (6.1 inch) Super Retina XDR Display48MP + 12MP | 12MP Front CameraA18 Chip, 6 Core Processor Processor1 year warranty for phone and 1 year warranty for in Box Accessories.",4.6
"Motorola g45 5G (Brilliant Green, 128 GB)","₹9,999",4 GB RAM | 128 GB ROM | Expandable Upto 1 TB16.51 cm (6.5 inch) HD+ Display50MP + 2MP | 16MP Front Camera5000 mAh BatterySnapdragon 6s Gen 3 Processor1 Year Warranty on Handset and 6 Months Warranty on Accessories,4.5
"Apple iPhone 16 Plus (Teal, 256 GB)","₹94,900","256 GB ROM17.02 cm (6.7 inch) Super Retina XDR Display48MP + 12MP | 12MP Front CameraA18 Chip, 6 Core Processor Processor1 year warranty for phone and 1 year warranty for in Box Accessories.",4.5
"Motorola g45 5G (Pink Lavender, 128 GB)","₹11,999",8 GB RAM | 128 GB ROM | Expandable Upto 1 TB16.51 cm (6.5 inch) HD+ Display50MP + 2MP | 16MP Front Camera5000 mAh BatterySnapdragon 6s Gen 3 Processor1 Year Warranty on Handset and 6 Months Warranty on Accessories,4.5
"Apple iPhone 16 (Pink, 256 GB)","₹84,900","256 GB ROM15.49 cm (6.1 inch) Super Retina XDR Display48MP + 12MP | 12MP Front CameraA18 Chip, 6 Core Processor Processor1 year warranty for phone and 1 year warranty for in Box Accessories.",4.5
"Apple iPhone 16 Plus (Teal, 128 GB)","₹84,900","128 GB ROM17.02 cm (6.7 inch) Super Retina XDR Display48MP + 12MP | 12MP Front CameraA18 Chip, 6 Core Processor Processor1 year warranty for phone and 1 year warranty for in Box Accessories.",4.6
"vivo T4x 5G (Marine Blue, 128 GB)","₹13,999",6 GB RAM | 128 GB ROM17.07 cm (6.72 inch) Display50MP + 2MP | 8MP Front Camera6500 mAh BatteryDimensity 7300 5G Processor1 Year Warranty for Device and 6 Months Warranty for Accessories,4.6
"vivo T4x 5G (Pronto Purple, 128 GB)","₹13,999",6 GB RAM | 128 GB ROM17.07 cm (6.72 inch) Display50MP + 2MP | 8MP Front Camera6500 mAh BatteryDimensity 7300 5G Processor1 Year Warranty for Device and 6 Months Warranty for Accessories,4.5
"vivo T4x 5G (Pronto Purple, 128 GB)","₹14,999",8 GB RAM | 128 GB ROM17.07 cm (6.72 inch) Display50MP + 2MP | 8MP Front Camera6500 mAh BatteryDimensity 7300 5G Processor1 Year Warranty for Device and 6 Months Warranty for Accessories,4.6
"vivo T4x 5G (Marine Blue, 128 GB)","₹14,999",8 GB RAM | 128 GB ROM17.07 cm (6.72 inch) Display50MP + 2MP | 8MP Front Camera6500 mAh BatteryDimensity 7300 5G Processor1 Year Warranty for Device and 6 Months Warranty for Accessories,4.6
"Apple iPhone 16 (Teal, 256 GB)","₹84,900","256 GB ROM15.49 cm (6.1 inch) Super Retina XDR Display48MP + 12MP | 12MP Front CameraA18 Chip, 6 Core Processor Processor1 year warranty for phone and 1 year warranty for in Box Accessories.",4.6
"Apple iPhone 16 (Pink, 128 GB)","₹74,900","128 GB ROM15.49 cm (6.1 inch) Super Retina XDR Display48MP + 12MP | 12MP Front CameraA18 Chip, 6 Core Processor Processor1 year warranty for phone and 1 year warranty for in Box Accessories.",4.3
"vivo T4x 5G (Marine Blue, 256 GB)","₹16,999",8 GB RAM | 256 GB ROM17.07 cm (6.72 inch) Display50MP + 2MP | 8MP Front Camera6500 mAh BatteryDimensity 7300 5G Processor1 Year Warranty for Device and 6 Months Warranty for Accessories,4.5
"Apple iPhone 16 Plus (Teal, 512 GB)","₹1,14,900","512 GB ROM17.02 cm (6.7 inch) Super Retina XDR Display48MP + 12MP | 12MP Front CameraA18 Chip, 6 Core Processor Processor1 year warranty for phone and 1 year warranty for in Box Accessories.",4.3
"Apple iPhone 16 Plus (Pink, 128 GB)","₹84,900","128 GB ROM17.02 cm (6.7 inch) Super Retina XDR Display48MP + 12MP | 12MP Front CameraA18 Chip, 6 Core Processor Processor1 year warranty for phone and 1 year warranty for in Box Accessories.",4.4
"Apple iPhone 16 (Teal, 128 GB)","₹74,900","128 GB ROM15.49 cm (6.1 inch) Super Retina XDR Display48MP + 12MP | 12MP Front CameraA18 Chip, 6 Core Processor Processor1 year warranty for phone and 1 year warranty for in Box Accessories.",4.5
"Motorola g45 5G (Viva Magenta, 128 GB)","₹11,999",8 GB RAM | 128 GB ROM | Expandable Upto 1 TB16.51 cm (6.5 inch) HD+ Display50MP + 2MP | 16MP Front Camera5000 mAh BatterySnapdragon 6s Gen 3 Processor1 Year Warranty on Handset and 6 Months Warranty on Accessories,4.3
